Date,asset_return,asset_name,price,HICP,HICP_YoY,HICP_MoM,HICP_12m_avg,high_inflation,roll_corr_12m
2007-04-30,0.0505401945099639,Euro Stoxx 50,4392.33984375,68.55,1.9330855018587332,0.6312389900176019,2.053676630136384,0,
2007-05-31,0.0273908811416181,Euro Stoxx 50,4512.64990234375,68.71,1.883155397390257,0.2334062727935792,2.000309297158189,0,
2007-06-30,-0.0050701657136346,Euro Stoxx 50,4489.77001953125,68.78,1.9113942806341824,0.1018774559743862,1.9533465824635945,0,
2007-07-31,-0.0387726046919379,Euro Stoxx 50,4315.68994140625,68.62,1.794985907135449,-0.2326257633032846,1.8964323392429725,0,
2007-08-31,-0.0048960613712705,Euro Stoxx 50,4294.56005859375,68.67,1.7785682525566893,0.0728650539201458,1.8512887624731669,0,
2007-09-30,0.020293091994221,Euro Stoxx 50,4381.7099609375,68.93,2.1639247072773093,0.3786223969710178,1.881998038270717,1,
2007-10-31,0.0246661871937035,Euro Stoxx 50,4489.7900390625,69.27,2.5766326077298896,0.4932540258232754,1.9612772416613005,1,
2007-11-30,-0.0211234474050825,Euro Stoxx 50,4394.9501953125,69.65,3.1088082901554515,0.5485780280063635,2.06451088882388,1,
2007-12-31,0.0010853409752715,Euro Stoxx 50,4399.72021484375,69.92,3.1116354519982403,0.3876525484565629,2.163485169375816,1,
2008-01-31,-0.1379451729607718,Euro Stoxx 50,3792.800048828125,69.68,3.2755298651252485,-0.3432494279176135,2.2817056533053344,1,
2008-02-29,-0.0180078169027728,Euro Stoxx 50,3724.5,69.92,3.3249593616077933,0.344431687715252,2.4019553280995605,1,
2008-03-31,-0.025893392779232,Euro Stoxx 50,3628.06005859375,70.61,3.6553141514973575,0.9868421052631636,2.543166147913883,1,-0.4711846502486923
2008-04-30,0.0542879549281338,Euro Stoxx 50,3825.02001953125,70.84,3.3406272793581326,0.3257328990228014,2.6604612960388336,1,-0.22833349639569145
2008-05-31,-0.0123319411752466,Euro Stoxx 50,3777.85009765625,71.28,3.7403580264881553,0.6211180124223503,2.8152281817969915,1,-0.14136025923377574
2008-06-30,-0.1125084447702654,Euro Stoxx 50,3352.81005859375,71.56,4.041872637394595,0.3928170594837299,2.992768044860359,1,-0.32773668679473456
2008-07-31,0.0044768446477163,Euro Stoxx 50,3367.820068359375,71.45,4.124162051879909,-0.1537171604248155,3.1868660569223977,1,-0.3367278873772192
2008-08-31,-0.0006503273638196,Euro Stoxx 50,3365.6298828125,71.35,3.9027231687782,-0.1399580125962307,3.363878966607523,1,-0.31903267655982914
2008-09-30,-0.0972863752228772,Euro Stoxx 50,3038.199951171875,71.49,3.7139126650224794,0.1962158374211542,3.4930446297529545,1,-0.2728800281914876
2008-10-31,-0.1469422515243119,Euro Stoxx 50,2591.760009765625,71.51,3.2337231124585086,0.0279759406910162,3.547802171813672,0,0.0421219432578743
2008-11-30,-0.0622935574912567,Euro Stoxx 50,2430.31005859375,71.17,2.182340272792538,-0.4754579779051915,3.470596503700096,0,0.11827961214971411
2008-12-31,0.0087107905430179,Euro Stoxx 50,2451.47998046875,71.08,1.659038901601817,-0.1264577771532993,3.349546791167061,0,-0.07197051984742488
2009-01-31,-0.0874981650712828,Euro Stoxx 50,2236.97998046875,70.5,1.176808266360485,-0.8159819921215505,3.17465332460333,0,0.08719754432483
2009-02-28,-0.1165634034620912,Euro Stoxx 50,1976.22998046875,70.79,1.2442791762013794,0.4113475177305092,3.001263309152796,0,0.23388054412415318
2009-03-31,0.0480206773916263,Euro Stoxx 50,2071.1298828125,71.05,0.6231411981305834,0.3672835146206976,2.748582229705565,0,-0.05033829413455993
2009-04-30,0.1468812784763751,Euro Stoxx 50,2375.340087890625,71.3,0.6493506493506329,0.3518648838845895,2.52430917720494,0,-0.3744864498333103
2009-05-31,0.0319532780719207,Euro Stoxx 50,2451.239990234375,71.34,0.0841750841750865,0.056100981767182,2.2196272653455176,0,-0.466057303134706
2009-06-30,-0.0202142789059945,Euro Stoxx 50,2401.68994140625,71.48,-0.1117942984907749,0.1962433417437736,1.873488354021737,0,-0.3717168120116019
2009-07-31,0.0984473213339971,Euro Stoxx 50,2638.1298828125,71.01,-0.6158152554233687,-0.6575265808617781,1.4784902450797972,0,-0.5720742625452444
2009-08-31,0.0500279480056045,Euro Stoxx 50,2770.110107421875,71.25,-0.1401541695865371,0.3379805661174462,1.141583800216069,0,-0.7144027868911126
2009-09-30,0.0370092781207311,Euro Stoxx 50,2872.6298828125,71.26,-0.3217233179465539,0.0140350877193107,0.8052808016353165,0,-0.7045201948304263
2009-10-31,-0.0449517995983781,Euro Stoxx 50,2743.5,71.42,-0.1258565235631392,0.2245298905416692,0.5253158319668457,0,-0.4834121766589879
2009-11-30,0.0195917623473664,Euro Stoxx 50,2797.25,71.51,0.477729380356906,0.1260151218146266,0.3832649242638763,1,-0.40606059867982797
2009-12-31,0.060412902041067,Euro Stoxx 50,2966.239990234375,71.73,0.9144625773776172,0.3076492798210095,0.321216897245193,1,-0.3936975881673872
2010-01-31,-0.0638552216722049,Euro Stoxx 50,2776.830078125,71.15,0.9219858156028548,-0.8085877596542557,0.2999816930153905,1,-0.33884947545971944
2010-02-28,-0.0174155803780867,Euro Stoxx 50,2728.469970703125,71.37,0.8193247633846656,0.3092059030217919,0.2645688252806644,1,-0.12523885625877182
2010-03-31,0.0742870339723831,Euro Stoxx 50,2931.159912109375,72.16,1.5622800844475648,1.1069076642846951,0.3428303991404128,1,0.014705220448018065
2010-04-30,-0.0389947352293192,Euro Stoxx 50,2816.860107421875,72.45,1.6129032258064502,0.4018847006652004,0.4231264471783976,1,-0.2444856677286681
2010-05-31,-0.0733441100294257,Euro Stoxx 50,2610.260009765625,72.54,1.6820857863750982,0.1242236024844745,0.5562856723617319,1,-0.3804146765179093
2010-06-30,-0.0141518244420282,Euro Stoxx 50,2573.320068359375,72.54,1.4829322887520924,0.0,0.6891795546319708,1,-0.4504365816025009
2010-07-31,0.0656038968080567,Euro Stoxx 50,2742.139892578125,72.23,1.718067877763696,-0.4273504273504258,0.8836698157308929,1,-0.1084208994650392
2010-08-31,-0.0434660323963957,Euro Stoxx 50,2622.949951171875,72.37,1.5719298245614022,0.1938252803544315,1.026343481909888,1,-0.05171044448642737
2010-09-30,0.0476371846576981,Euro Stoxx 50,2747.89990234375,72.6,1.88043783328653,0.3178112477545847,1.2098569111793116,1,0.20847548931594856
2010-10-31,0.035332468918469,Euro Stoxx 50,2844.989990234375,72.81,1.9462335480257664,0.2892561983471209,1.3825310838117204,1,0.11519896591106549
2010-11-30,-0.0681900465962687,Euro Stoxx 50,2650.989990234375,72.88,1.915815969794421,0.0961406400219688,1.5023716329315135,1,0.06980890154919013
2010-12-31,0.0588648200872039,Euro Stoxx 50,2807.0400390625,73.32,2.216645754914248,0.6037321624588365,1.6108868977262325,1,0.39778292670167903
2011-01-31,0.0522222133315057,Euro Stoxx 50,2953.6298828125,72.8,2.319044272663384,-0.7092198581560183,1.72730843581461,1,0.3554161330671476
2011-02-28,0.0201312308709125,Euro Stoxx 50,3013.090087890625,73.11,2.437999159310622,0.4258241758241743,1.86219796880844,1,0.3460761575198004
2011-03-31,-0.0339120878568829,Euro Stoxx 50,2910.909912109375,74.09,2.674611973392471,1.340445903433185,1.954892292887182,1,0.27817537419673666
2011-04-30,0.0344703515121544,Euro Stoxx 50,3011.25,74.51,2.843340234644587,0.5668781212039509,2.05742871029036,1,0.2799649393739327
2011-05-31,-0.0637111158675799,Euro Stoxx 50,2819.39990234375,74.52,2.7295285359801413,0.0134210173130977,2.1447156060907804,1,-0.038373168190085065
2011-06-30,0.0103320309151282,Euro Stoxx 50,2848.530029296875,74.51,2.7157430383236925,-0.013419216317756,2.247449835221747,1,-0.10591643940247039
2011-07-31,-0.0625445090193946,Euro Stoxx 50,2670.3701171875,74.09,2.5751072961373467,-0.5636827271507161,2.3188697867528845,1,-0.04350997430382856
2011-08-31,-0.1379172260399589,Euro Stoxx 50,2302.080078125,74.22,2.556307862373908,0.1754622756107382,2.4009012899039264,1,-0.28058266179451
2011-09-30,-0.0531780658626497,Euro Stoxx 50,2179.659912109375,74.77,2.988980716253442,0.7410401509027276,2.4932798634845024,1,-0.23476653537198455
2011-10-31,0.0943083172983707,Euro Stoxx 50,2385.219970703125,75.03,3.0490317264112,0.3477330480139207,2.585179711683289,1,0.13165235571294853
2011-11-30,-0.0229706441064002,Euro Stoxx 50,2330.429931640625,75.09,3.032381997804623,0.0799680127948843,2.678226880684139,1,-0.0725020258032804
2011-12-31,-0.0059559322612753,Euro Stoxx 50,2316.550048828125,75.34,2.755046372067671,0.3329338127580294,2.7230935987802574,1,0.12705875894449492
2012-01-31,0.0432150660124492,Euro Stoxx 50,2416.659912109375,74.74,2.664835164835156,-0.7963897000265563,2.7519095064612387,0,0.33380027608808593
2012-02-29,0.0394967429360744,Euro Stoxx 50,2512.110107421875,75.11,2.7356038845575137,0.4950495049504955,2.776709900231813,0,0.4621495340056959
2012-03-31,-0.0138648692277049,Euro Stoxx 50,2477.280029296875,76.08,2.685922526656759,1.2914392224737004,2.7776524463371697,0,0.4481786879898065
2012-04-30,-0.0689668086109515,Euro Stoxx 50,2306.429931640625,76.43,2.5768353241175657,0.4600420609884414,2.7554437037932518,0,0.47794449659260196
2012-05-31,-0.081290130544312,Euro Stoxx 50,2118.93994140625,76.33,2.428878153515845,-0.1308386759126145,2.73038950525456,0,0.5437024282666945
2012-06-30,0.0687985659471439,Euro Stoxx 50,2264.719970703125,76.27,2.3620990471077574,-0.0786060526660636,2.7009191726532324,0,0.2632813038238933
2012-07-31,0.0269348973776486,Euro Stoxx 50,2325.719970703125,75.87,2.4024834660548056,-0.5244526025960261,2.686533853479687,0,0.15233174047632606
2012-08-31,0.0494427496357656,Euro Stoxx 50,2440.7099609375,76.16,2.6138507140932354,0.3822327665743863,2.691329091122965,0,0.036430692765229776
2012-09-30,0.0055516833400885,Euro Stoxx 50,2454.260009765625,76.72,2.6079978601043274,0.7352941176470562,2.659580519777205,0,0.19613567003310847
2012-10-31,0.0201200698442769,Euro Stoxx 50,2503.639892578125,76.9,2.49233639877382,0.2346193952033504,2.61318924247409,0,-0.13063411810835387
2012-11-30,0.0286023991046628,Euro Stoxx 50,2575.25,76.74,2.1973631642029368,-0.2080624187256297,2.543604339673949,0,-0.0792653661628326
2012-12-31,0.0200369275434424,Euro Stoxx 50,2626.85009765625,77.02,2.2298911600743265,0.3648683867604863,2.4998414053411704,0,-0.0645501622558177
2013-01-31,0.0289814340302194,Euro Stoxx 50,2702.97998046875,76.22,1.980198019801982,-1.0386912490262246,2.44278830992174,0,-0.188824867497808
2013-02-28,-0.0256864394639668,Euro Stoxx 50,2633.550048828125,76.5,1.850619091998396,0.3673576489110486,2.36903957720848,0,-0.09976840275841786
2013-03-31,-0.0036187006588751,Euro Stoxx 50,2624.02001953125,77.4,1.735015772870674,1.176470588235312,2.289797347726306,0,-0.005163146598077182
2013-04-30,0.0335287001676407,Euro Stoxx 50,2712.0,77.33,1.1775480832133756,-0.0904392764857986,2.173190077650957,0,0.009664197677597606
2013-05-31,0.0212536477057982,Euro Stoxx 50,2769.639892578125,77.41,1.414908947988991,0.1034527350316727,2.088692643857053,0,0.23899829209854334
2013-06-30,-0.0603146297593227,Euro Stoxx 50,2602.590087890625,77.5,1.61269175298282,0.1162640485725452,2.0262420360133078,0,0.310003055320888
2013-07-31,0.0636134807488295,Euro Stoxx 50,2768.14990234375,77.08,1.5948332674311283,-0.54193548387097,1.958937852794668,0,0.13322400677717725
2013-08-31,-0.0168992962110333,Euro Stoxx 50,2721.3701171875,77.18,1.3392857142857206,0.1297353399066114,1.8527241028107084,0,0.08224996266875605
2013-09-30,0.0631225367219736,Euro Stoxx 50,2893.14990234375,77.55,1.0818561001042726,0.4793988079813349,1.7255456228107038,0,-0.10013356898404176
2013-10-31,0.0604185938262371,Euro Stoxx 50,3067.949951171875,77.46,0.728218465539654,-0.1160541586073593,1.5785357950411896,0,-0.321993401072868
2013-11-30,0.0060919968394892,Euro Stoxx 50,3086.639892578125,77.39,0.8470158978368669,-0.090369222824671,1.4660068561773505,0,-0.325952874932993
2013-12-31,0.0046296424460983,Euro Stoxx 50,3100.929931640625,77.67,0.84393663983382,0.3618038506266963,1.3505106461573082,0,-0.3423109144202112
2014-01-31,-0.0280464159527498,Euro Stoxx 50,3013.9599609375,76.8,0.7609551298871642,-1.1201235998455017,1.2489070719977402,0,-0.2861560455591967
2014-02-28,0.0448811600964911,Euro Stoxx 50,3149.22998046875,77.04,0.7058823529411784,0.3125000000000044,1.153512343742972,0,-0.2503573829919485
2014-03-31,0.0039279815269823,Euro Stoxx 50,3161.60009765625,77.76,0.4651162790697771,0.9345794392523256,1.0476873859262306,0,-0.12838836004146487
2014-04-30,0.0116364479331676,Euro Stoxx 50,3198.389892578125,77.88,0.7112375533428139,0.1543209876543105,1.0088281751036838,0,-0.13553574957206305
2014-05-31,0.0144479587011439,Euro Stoxx 50,3244.60009765625,77.79,0.4908926495285071,-0.1155624036979885,0.9318268168986436,0,-0.15370515075401445
2014-06-30,-0.0050422569590911,Euro Stoxx 50,3228.239990234375,77.88,0.4903225806451639,0.1156961048977889,0.8382960525371722,0,0.3187760551455872
2014-07-31,-0.0349199504404149,Euro Stoxx 50,3115.510009765625,77.37,0.376232485729111,-0.6548536209553091,0.7367459873953375,0,0.19871659288592547
2014-08-31,0.018334036118591,Euro Stoxx 50,3172.6298828125,77.46,0.3627882871209964,0.1163241566498607,0.6553712017982771,0,0.47876276815252405
2014-09-30,0.0167999580149182,Euro Stoxx 50,3225.929931640625,77.8,0.3223726627981982,0.4389362251484785,0.5920809153561043,0,0.1791199612911001
2014-10-31,-0.0349077213912019,Euro Stoxx 50,3113.320068359375,77.75,0.3743867802737055,-0.0642673521850878,0.5625949415839419,0,0.191764252505971
2014-11-30,0.0442003585432082,Euro Stoxx 50,3250.929931640625,77.61,0.2842744540638264,-0.1800643086816711,0.5156998212695219,0,-0.02578593259722309
2014-12-31,-0.0353683354875397,Euro Stoxx 50,3135.949951171875,77.54,-0.1673747907815048,-0.0901945625563671,0.4314238687182448,0,0.2827632294090738
2015-01-31,0.068716017025032,Euro Stoxx 50,3351.43994140625,76.34,-0.5989583333333215,-1.5475883415011604,0.3180977467832043,0,-0.19494429069578617
2015-02-28,0.0738667745571699,Euro Stoxx 50,3599.0,76.81,-0.2985462097611635,0.615666753995292,0.2343953665580091,0,-0.49401321710871204
2015-03-31,0.027335338375243,Euro Stoxx 50,3697.3798828125,77.71,-0.0643004115226442,1.1717224319749864,0.1902773090086407,0,-0.5012659414588929
2015-04-30,-0.022121014749412,Euro Stoxx 50,3615.590087890625,78.04,0.2054442732408956,0.4246557714580046,0.1481278690001475,1,-0.538813193306809
2015-05-31,-0.0123935671645489,Euro Stoxx 50,3570.780029296875,78.26,0.6041907700218507,0.2819067145053866,0.1575693790412594,1,-0.5888620852200278
2015-06-30,-0.0410218437615698,Euro Stoxx 50,3424.300048828125,78.27,0.500770416024654,0.0127779197546473,0.1584400319895503,1,-0.6282044934249584
2015-07-31,0.0515112256703351,Euro Stoxx 50,3600.68994140625,77.79,0.5428460643660316,-0.6132617861249412,0.1723244968759603,1,-0.46239953756658564
2015-08-31,-0.09194350637824,Euro Stoxx 50,3269.6298828125,77.79,0.4260263361735239,0.0,0.1775943342970043,1,-0.49845128197405364
2015-09-30,-0.0516755617587402,Euro Stoxx 50,3100.669921875,77.96,0.2056555269922766,0.2185370870291691,0.1678679063131775,1,-0.5001485506094595
2015-10-31,0.1024165959599203,Euro Stoxx 50,3418.22998046875,78.05,0.385852090032146,0.1154438173422311,0.1688233487930475,1,-0.32550236942242894
2015-11-30,0.0258086703373385,Euro Stoxx 50,3506.449951171875,77.72,0.1417343125885928,-0.4228058936579071,0.1569450036701114,0,-0.3502904049279864
2015-12-31,-0.0623051729656404,Euro Stoxx 50,3287.97998046875,77.73,0.2450348207376773,0.0128667009778649,0.1913124712967099,1,-0.42987515381189134
2016-01-31,-0.0738720716126433,Euro Stoxx 50,3045.090087890625,76.58,0.3143830233167444,-1.4794802521549075,0.2674242510175488,1,-0.30316442303268837
2016-02-29,-0.0326230374220025,Euro Stoxx 50,2945.75,76.71,-0.1301913813305688,0.1697571167406542,0.2814538200534316,0,0.025655338570963138
2016-03-31,0.0200899369059237,Euro Stoxx 50,3004.929931640625,77.67,-0.0514734268433847,1.251466562377801,0.28252273544337,0,0.047081159766694324
2016-04-30,0.0077472785810233,Euro Stoxx 50,3028.2099609375,77.84,-0.2562788313685282,0.2188747264066037,0.2440458100592513,0,-0.03098160595713138
2016-05-31,0.0116471512828426,Euro Stoxx 50,3063.47998046875,78.16,-0.1277791975466513,0.4110996916752318,0.1830483127618761,0,-0.078909954372334
2016-06-30,-0.06487393144445,Euro Stoxx 50,2864.739990234375,78.3,0.0383288616328192,0.1791197543500544,0.1445115165625565,0,0.018061996702551698
2016-07-31,0.0439900374766437,Euro Stoxx 50,2990.760009765625,77.92,0.1671165959634901,-0.485312899105994,0.1132007275290114,1,-0.15528520983322525
2016-08-31,0.0108232933907028,Euro Stoxx 50,3023.1298828125,77.97,0.2313922097956,0.0641683778234147,0.0969812169975177,1,0.062266878515141025
2016-09-30,-0.0069100215299683,Euro Stoxx 50,3002.239990234375,78.27,0.3976398152898852,0.3847633705271303,0.1129799076889851,1,0.0913978312513127
2016-10-31,0.0176568195540844,Euro Stoxx 50,3055.25,78.45,0.5124919923126248,0.229973169796871,0.123533232879025,1,-0.08525318290139001
2016-11-30,-0.0011913567066933,Euro Stoxx 50,3051.610107421875,78.17,0.5790015440041207,-0.3569152326322489,0.159972168830319,1,-0.0441322285602551
2016-12-31,0.0782897892257985,Euro Stoxx 50,3290.52001953125,78.58,1.0935288820275169,0.5244978892158025,0.230680007271139,1,0.4078106697958614
2017-01-31,-0.018185602134446,Euro Stoxx 50,3230.679931640625,77.91,1.7367458866544672,-0.8526342580809421,0.3492102458826159,1,0.18905115050342788
2017-02-28,0.0275267676349755,Euro Stoxx 50,3319.610107421875,78.21,1.9554165037152904,0.3850596842510656,0.5230109029697708,1,0.1837290364460626
2017-03-31,0.0546208194189314,Euro Stoxx 50,3500.929931640625,78.87,1.5449980687524123,0.8438818565400963,0.6560501942694207,1,0.3169839118167758
2017-04-30,0.0167555927697502,Euro Stoxx 50,3559.590087890625,79.31,1.8884892086330929,0.557880055788007,0.8347808642695558,1,0.30108743218536005
2017-05-31,-0.0014046561195373,Euro Stoxx 50,3554.590087890625,79.25,1.394575230296824,-0.0756525028369758,0.961643733256512,1,0.28685564004495373
2017-06-30,-0.0317083551946237,Euro Stoxx 50,3441.8798828125,79.32,1.3026819923371624,0.0883280757097759,1.0670064941485409,1,-0.030265541873791588
2017-07-31,0.0021732962404437,Euro Stoxx 50,3449.360107421875,78.96,1.3347022587268942,-0.4538577912254204,1.1643052993788243,1,0.09390885968206894
2017-08-31,-0.0080855972847658,Euro Stoxx 50,3421.469970703125,79.17,1.539053482108499,0.265957446808529,1.2732770720715658,1,0.06526005947738046
2017-09-30,0.0506741629877565,Euro Stoxx 50,3594.85009765625,79.49,1.5587070397342415,0.4041935076417813,1.3700326741085955,1,0.012701082850373843
2017-10-31,0.0220036583909843,Euro Stoxx 50,3673.949951171875,79.53,1.3766730401529648,0.0503207950685702,1.4420477614286238,0,0.02715205630617454
2017-11-30,-0.0283128569832779,Euro Stoxx 50,3569.929931640625,79.36,1.5223231418702854,-0.2137558154155727,1.5206578945841376,1,-0.1343645000035912
2017-12-31,-0.0184793460841982,Euro Stoxx 50,3503.9599609375,79.64,1.3489437515907363,0.3528225806451734,1.541942467047739,0,0.3259217475624659
2018-01-31,0.0300602972919867,Euro Stoxx 50,3609.2900390625,78.92,1.2963676036452432,-0.9040683073832212,1.5052442767969705,0,0.3328723072530237
2018-02-28,-0.0471921281696836,Euro Stoxx 50,3438.9599609375,79.09,1.1251758087201358,0.2154080081094855,1.4360575522140409,0,0.4573333963320965
2018-03-31,-0.0225242404149373,Euro Stoxx 50,3361.5,79.97,1.3947001394700065,1.112656467315709,1.4235327247738403,0,0.4316252507871574
2018-04-30,0.0520660477558381,Euro Stoxx 50,3536.52001953125,80.29,1.2356575463371655,0.4001500562711202,1.3691300862491798,0,0.18083251819616408
2018-05-31,-0.0367225737364025,Euro Stoxx 50,3406.64990234375,80.79,1.94321766561516,0.6227425582264301,1.4148502891923749,1,-0.14182446739346435
2018-06-30,-0.0032435985511448,Euro Stoxx 50,3395.60009765625,80.88,1.9667170953101327,0.1113999257333686,1.4701865477734557,1,-0.17132388335797735
2018-07-31,0.0382524116039986,Euro Stoxx 50,3525.489990234375,80.7,2.20364741641339,-0.2225519287833766,1.5425986442473305,1,0.08069329461563537
2018-08-31,-0.0376089815197037,Euro Stoxx 50,3392.89990234375,80.82,2.084122773777941,0.148698884758347,1.5880210852197838,1,-0.06906801264839074
2018-09-30,0.0018568330954216,Euro Stoxx 50,3399.199951171875,81.14,2.0757327965782,0.3959415986142245,1.63110656495678,1,-0.03957199604919415
2018-10-31,-0.0593345329205236,Euro Stoxx 50,3197.510009765625,81.34,2.275870740601027,0.2464875523786158,1.7060397066607855,1,-0.17280027869904474
2018-11-30,-0.0076247226368846,Euro Stoxx 50,3173.1298828125,80.89,1.927923387096775,-0.5532333415293911,1.7398397270963262,1,-0.19421258749406672
2018-12-31,-0.0588062450662222,Euro Stoxx 50,2986.530029296875,80.85,1.5193370165745843,-0.0494498701940959,1.75403916584498,0,-0.13881008651024132
2019-01-31,0.0578932408673809,Euro Stoxx 50,3159.429931640625,80.01,1.38114546376078,-1.0389610389610282,1.7611039875212748,0,-0.16741540450307696
2019-02-28,0.0439414961334205,Euro Stoxx 50,3298.260009765625,80.27,1.491971172082418,0.324959380077483,1.791670267801465,0,-0.42457287184149733
2019-03-31,0.0162054995705669,Euro Stoxx 50,3351.7099609375,81.09,1.4005251969488652,1.02155226111873,1.7921556892580366,0,-0.5182597547399692
2019-04-30,0.0486050875966703,Euro Stoxx 50,3514.6201171875,81.67,1.7187694607049495,0.7152546553212513,1.832415015455352,0,-0.4211776390541576
2019-05-31,-0.0666331431956522,Euro Stoxx 50,3280.429931640625,81.78,1.2253991830672106,0.1346883800661169,1.7725968085763562,0,-0.10460949380903262
2019-06-30,0.0589130125602075,Euro Stoxx 50,3473.68994140625,81.91,1.2734915924826895,0.15896307165566,1.7148280166740693,0,-0.2240221914814043
2019-07-31,-0.0019690426795061,Euro Stoxx 50,3466.85009765625,81.52,1.016109045848812,-0.4761323403735806,1.6158664857936875,0,-0.30798789052135894
2019-08-31,-0.0115638365551852,Euro Stoxx 50,3426.760009765625,81.64,1.0146003464489128,0.1472031403336737,1.526739616849602,0,-0.18138863138649094
2019-09-30,0.0416398992049662,Euro Stoxx 50,3569.449951171875,81.82,0.8380576780872451,0.2204801567858849,1.4236000236420228,0,-0.2845386574615382
2019-10-31,0.0097942151916214,Euro Stoxx 50,3604.409912109375,81.93,0.7253503811162965,0.1344414568565266,1.2943899936849614,0,0.0034197582515331556
2019-11-30,0.0275135648923983,Euro Stoxx 50,3703.580078125,81.67,0.964272468784766,-0.3173440742097022,1.2140857504922942,0,0.06798029944415762
2019-12-31,0.0121206755709872,Euro Stoxx 50,3748.469970703125,81.93,1.3358070500927743,0.3183543528835653,1.19879158661881,1,0.28554205810669314
2020-01-31,-0.0286943898268909,Euro Stoxx 50,3640.909912109375,81.1,1.3623297087863806,-1.0130599292078712,1.19722360703761,1,0.15336491237579367
2020-02-29,-0.0855335422717388,Euro Stoxx 50,3329.489990234375,81.25,1.2208795315809209,0.1849568434032056,1.1746326369958184,1,0.023319836127944547
2020-03-31,-0.1629649254036141,Euro Stoxx 50,2786.89990234375,81.69,0.7399186089530163,0.54153846153846,1.1195820879961644,0,0.2977676982863736
2020-04-30,0.0506046267317568,Euro Stoxx 50,2927.929931640625,81.93,0.3183543528835653,0.2937936099890015,1.0028808290110491,0,-0.11991203159495728
2020-05-31,0.0417598857848138,Euro Stoxx 50,3050.199951171875,81.85,0.0855955001222819,-0.0976443305260699,0.9078971887656384,0,-0.19448910684391627
2020-06-30,0.060281332414571,Euro Stoxx 50,3234.070068359375,82.13,0.2685874740568916,0.3420891875381748,0.8241551788968219,0,-0.4007769784221564
2020-07-31,-0.018475171760985,Euro Stoxx 50,3174.320068359375,81.84,0.3925417075564263,-0.3530987458906565,0.7721912340391232,0,-0.37179292104096184
2020-08-31,0.0309325900639247,Euro Stoxx 50,3272.510009765625,81.5,-0.1714845663890241,-0.4154447702834796,0.6733508246359617,0,-0.39553882027188614
2020-09-30,-0.0241099040517223,Euro Stoxx 50,3193.610107421875,81.56,-0.3177707162063004,0.0736196319018445,0.5770317917781663,0,-0.3312253294093123
2020-10-31,-0.0737097324239144,Euro Stoxx 50,2958.2099609375,81.71,-0.2685219089466728,0.1839136831780274,0.4942091009395855,0,-0.1913431359040953
2020-11-30,0.1806261506724367,Euro Stoxx 50,3492.5400390625,81.43,-0.2938655565078885,-0.342675315138885,0.3893642654985309,0,-0.3999779070516074
2020-12-31,0.0226339706757789,Euro Stoxx 50,3571.590087890625,81.7,-0.2807274502624191,0.3315731302959479,0.2546530571355981,0,-0.4812628856239766
2021-01-31,-0.0252408995058045,Euro Stoxx 50,3481.43994140625,81.84,0.912453760789167,0.1713586291309576,0.217163394802497,1,-0.5127314594049736
2021-02-28,0.0445218078176559,Euro Stoxx 50,3636.43994140625,82.01,0.9353846153846268,0.2077223851417509,0.1933721517861392,1,-0.30907210346332015
2021-03-31,0.0777601236614675,Euro Stoxx 50,3919.2099609375,82.78,1.334312645366631,0.9389098890379088,0.2429049881539404,1,0.06115229979709495
2021-04-30,0.0141686793640398,Euro Stoxx 50,3974.739990234375,83.25,1.6111314536799703,0.5677699927518765,0.3506364132203075,1,0.008854914138410415
2021-05-31,0.016282818715724,Euro Stoxx 50,4039.4599609375,83.47,1.9792302993280495,0.2642642642642689,0.5084393131541215,1,-0.010859684621323551
2021-06-30,0.0061493586100207,Euro Stoxx 50,4064.300048828125,83.69,1.89942773651528,0.2635677488918242,0.6443426683589872,1,-0.027488204778528227
2021-07-31,0.0061511206602988,Euro Stoxx 50,4089.300048828125,83.61,2.162756598240456,-0.0955908710718156,0.7918605759159897,1,-0.07745823561389566
2021-08-31,0.0261927728811608,Euro Stoxx 50,4196.41015625,83.9,2.944785276073625,0.3468484631025115,1.0515497294545435,1,-0.04879736800073008
2021-09-30,-0.03534689713399,Euro Stoxx 50,4048.080078125,84.3,3.3594899460519745,0.4767580452920139,1.3579881179760669,1,-0.27350069711658054
2021-10-31,0.0500187685423789,Euro Stoxx 50,4250.56005859375,85.02,4.050911761106346,0.8540925266903976,1.717940923813818,1,-0.43458107297594567
2021-11-30,-0.0441118340678221,Euro Stoxx 50,4063.06005859375,85.4,4.875353063981325,0.4469536579628341,2.148709142187919,1,-0.35186214321001313
2021-12-31,0.0598095430834235,Euro Stoxx 50,4306.06982421875,85.76,4.969400244798039,0.4215456674472984,2.586219783442958,1,-0.10307863009889559
2022-01-31,-0.0305312574875287,Euro Stoxx 50,4174.60009765625,86.02,5.107526881720426,0.3031716417910335,2.935809210187229,1,-0.3879114893005461
2022-02-28,-0.0599746350142773,Euro Stoxx 50,3924.22998046875,86.83,5.877332032678928,0.9416414787258852,3.3476381616284208,1,-0.49450438969168475
2022-03-31,-0.0055322855810063,Euro Stoxx 50,3902.52001953125,88.94,7.44141096883304,2.4300357019463315,3.856563021917288,1,-0.31952616901275993
2022-04-30,-0.0255373224507752,Euro Stoxx 50,3802.860107421875,89.45,7.447447447447453,0.5734202833370894,4.342922688064578,1,-0.34890701332522733
2022-05-31,-0.0035894421826705,Euro Stoxx 50,3789.2099609375,90.19,8.05079669342279,0.827277808831739,4.84888655423914,1,-0.27027087356221796
2022-06-30,-0.0882373521030496,Euro Stoxx 50,3454.860107421875,90.92,8.639024973115061,0.8094023727686084,5.410519657289122,1,-0.4507782474912372
2022-07-31,0.0732996365584686,Euro Stoxx 50,3708.10009765625,91.02,8.86257624686042,0.1099868015838057,5.968837961340785,1,-0.12246147174582979
2022-08-31,-0.0514684319813478,Euro Stoxx 50,3517.25,91.58,9.153754469606667,0.6152493957372052,6.486252060801871,1,-0.12578578156051778
2022-09-30,-0.0565925222341673,Euro Stoxx 50,3318.199951171875,92.67,9.928825622775816,1.1902162044114428,7.03369670052886,1,-0.30743650617177726
2022-10-31,0.0902115882995262,Euro Stoxx 50,3617.5400390625,94.05,10.621030345800996,1.4891550663645114,7.581206582586748,1,0.16302121512679701
2022-11-30,0.0959712754777408,Euro Stoxx 50,3964.719970703125,93.98,10.04683840749414,-0.0744284954811158,8.012163694546148,1,0.24020267577353882
2022-12-31,-0.0431555960521673,Euro Stoxx 50,3793.6201171875,93.65,9.200093283582088,-0.3511385401149147,8.364721447778154,1,0.4298851650759728
2023-01-31,0.097487377939988,Euro Stoxx 50,4163.4501953125,93.45,8.637526156707743,-0.2135611318740071,8.658888054027095,0,0.4131025062701082
2023-02-28,0.0179970178541732,Euro Stoxx 50,4238.3798828125,94.21,8.499366578371514,0.8132691278758486,8.877390932834812,0,0.30541162815764394
2023-03-31,0.018089440775687,Euro Stoxx 50,4315.0498046875,95.06,6.881043400044984,0.9022396773166408,8.830693635435807,0,0.23276001143089065
2023-04-30,0.0102571826304691,Euro Stoxx 50,4359.31005859375,95.66,6.942425936277252,0.6311803071744171,8.788608509504956,0,0.16337484138785444
2023-05-31,-0.0324065087439138,Euro Stoxx 50,4218.0400390625,95.69,6.098237055105882,0.0313610704578692,8.62589520631188,0,0.23965288846640484
2023-06-30,0.0429227325987497,Euro Stoxx 50,4399.08984375,95.93,5.510338759348876,0.2508099069913339,8.365171355164698,0,0.16524487575709887
2023-07-31,0.0164170811256234,Euro Stoxx 50,4471.31005859375,95.83,5.284552845528467,-0.1042426769519488,8.067002738387037,0,0.12977489230294198
2023-08-31,-0.0389595427357338,Euro Stoxx 50,4297.10986328125,96.35,5.208560821139985,0.5426275696545968,7.738236601014813,0,0.3223648136289443
2023-09-30,-0.028495828807539,Euro Stoxx 50,4174.66015625,96.67,4.316391496708749,0.3321224701608782,7.27053375717589,0,0.6068601740928821
2023-10-31,-0.0271974328000127,Euro Stoxx 50,4061.1201171875,96.75,2.8708133971291794,0.0827557670425083,6.624682344786572,0,0.5422365175542844
2023-11-30,0.0791284395396803,Euro Stoxx 50,4382.47021484375,96.21,2.372845286231096,-0.5581395348837281,5.985182918014651,0,0.029034330734677108
2023-12-31,0.0317582734569623,Euro Stoxx 50,4521.64990234375,96.37,2.904431393486373,0.1663028791186072,5.460544427173342,0,0.1709490012531994
2024-01-31,0.0280318031553703,Euro Stoxx 50,4648.39990234375,96.03,2.760834670947032,-0.3528068901110348,4.970820136693282,0,-0.20392507338228236
2024-02-29,0.0493438864999222,Euro Stoxx 50,4877.77001953125,96.63,2.5687294342426448,0.6248047485160724,4.476600374682543,0,-0.37385497044985083
2024-03-31,0.0421606392921971,Euro Stoxx 50,5083.419921875,97.35,2.409004839049022,0.7451102142191912,4.103930494599546,0,-0.47916978774705016
2024-04-30,-0.031907595580147,Euro Stoxx 50,4921.22021484375,97.91,2.3520802843403743,0.5752439650744678,3.7214016902714735,0,-0.3951412373671024
2024-05-31,0.0126898826520471,Euro Stoxx 50,4983.669921875,98.13,2.54990072107848,0.2246961495250721,3.4257069957691897,0,-0.2639756151910588
2024-06-30,-0.0179887319483672,Euro Stoxx 50,4894.02001953125,98.33,2.50182424684664,0.2038112707632766,3.1749974530606706,0,-0.3987473928336496
2024-07-31,-0.0043073134234989,Euro Stoxx 50,4872.93994140625,98.3,2.577480955859324,-0.0305095087969053,2.9494081289215752,0,-0.5227659023277735
2024-08-31,0.0174514851578406,Euro Stoxx 50,4957.97998046875,98.43,2.158796056045676,0.1322482197355201,2.695261065163716,0,-0.3826337831355917
2024-09-30,0.0085660319345892,Euro Stoxx 50,5000.4501953125,98.34,1.727526637012522,-0.0914355379457498,2.479522326855697,0,-0.035807329824133524
2024-10-31,-0.0345609506644031,Euro Stoxx 50,4827.6298828125,98.68,1.9948320413436749,0.3457392719137697,2.4065238805402385,0,0.301037637734034
2024-11-30,-0.0048118809918411,Euro Stoxx 50,4804.39990234375,98.36,2.234694938156112,-0.3242805026347883,2.3950113515339893,0,0.4126774166673604
2024-12-31,0.0135042636190316,Euro Stoxx 50,4869.27978515625,98.71,2.4281415378229587,0.3558357055713612,2.355320530228705,1,0.33793192671228767
2025-01-31,0.0857601843509285,Euro Stoxx 50,5286.8701171875,98.43,2.499218994064356,-0.2836592037280816,2.333519223821816,1,0.32200130557205875
2025-02-28,0.0334167320094831,Euro Stoxx 50,5463.5400390625,98.85,2.29742316050916,0.4266991770801365,2.310910367677358,0,0.23964180211901687
2025-03-31,-0.0393792121601561,Euro Stoxx 50,5248.39013671875,99.46,2.1674370826913147,0.6170966110268017,2.290779721314216,0,0.25458109159130005
2025-04-30,-0.0167994222186621,Euro Stoxx 50,5160.22021484375,100.02,2.1550403431723097,0.5630404182586091,2.2743597262168773,0,0.3156511183036258
2025-05-31,0.0399924073613395,Euro Stoxx 50,5366.58984375,99.96,1.864873127483957,-0.0599880023995247,2.2172740934173336,0,0.14122750637183257
2025-06-30,-0.0118044440174196,Euro Stoxx 50,5303.240234375,100.26,1.9627783992677728,0.3001200480192256,2.1723536061190947,0,0.2696109292683283
2025-07-31,0.0031451879912745,Euro Stoxx 50,5319.919921875,100.28,2.0142421159715207,0.019948134849379,2.1254170361284443,0,0.374841658574896
2025-08-31,0.0059794243260975,Euro Stoxx 50,5351.72998046875,100.42,2.0217413390226424,0.1396090945352979,2.1139958097098583,0,0.3706164602912982
2025-09-30,0.0333032460754194,Euro Stoxx 50,5529.9599609375,100.52,2.21679886109416,0.0995817566221912,2.154768495049995,1,0.4577685753379863
2025-10-31,0.0238844546900858,Euro Stoxx 50,5662.0400390625,100.73,2.0774219700040453,0.2089136490250664,2.1616509891050257,0,0.3807710875747964
2025-11-30,0.0010826279521531,Euro Stoxx 50,5668.169921875,100.44,2.114680764538424,-0.2878983421026548,2.151649807970218,0,0.41649951883093916
2025-12-31,0.0225911175447597,Euro Stoxx 50,5796.22021484375,100.62,1.9349609968595027,0.1792114695340574,2.110551429556597,0,0.4262366803324542
2026-01-31,0.0261532236752819,Euro Stoxx 50,5947.81005859375,100.04,1.635680178807264,-0.576426157821508,2.038589861618506,0,-0.22443686823803152
2026-02-28,0.032045424413118,Euro Stoxx 50,6138.41015625,100.7,1.8715225088518084,0.6597361055577844,2.0030981406470603,0,-0.472375859397085
2026-03-31,-0.0926429093699826,Euro Stoxx 50,5569.72998046875,101.98,2.5336818821636964,1.2711022840119268,2.033618540603092,1,-0.7462560451771179
2026-04-30,0.0559775404282723,Euro Stoxx 50,5881.509765625,103.02,2.9994001199760145,1.0198078054520332,2.103981855336734,1,-0.1263496956091689
